{"Parser_1_task": {"task": "p2p.tasks.get_currency_data_controller_beat", "schedule": 60.0, "args": ["uah", "usdt", "privatbank", "binance"]}, "Parser_2_task": {"task": "p2p.tasks.get_currency_data_controller_beat", "schedule": 60.0, "args": ["uah", "usdt", "monobank", "binance"]}, "Parser_3_task": {"task": "p2p.tasks.get_currency_data_controller_beat", "schedule": 10.0, "args": ["uah", "usdt", "stock", "whitebit"]}, "Parser_5_task": {"task": "p2p.tasks.get_currency_data_controller_beat", "schedule": 60.0, "args": ["uah", "usdt", "stock", "minfin"]}, "Parser_10_task": {"task": "p2p.tasks.get_currency_data_controller_beat", "schedule": 60.0, "args": ["uah", "usdt", "stock", "binance_stock"]}, "Parser_11_task": {"task": "p2p.tasks.get_currency_data_controller_beat", "schedule": 60.0, "args": ["uah", "usdt", "stock", "bestchange"]}, "Parser_12_task": {"task": "p2p.tasks.get_currency_data_controller_beat", "schedule": 60.0, "args": ["uah", "usdt", "stock", "exmo"]}}