{"session_file": "+13438085038", "phone": "+13438085038", "register_time": 1637168236, "app_id": 121352, "app_hash": "6a8d9a8a62878cbe0cc922eb715b956b", "sdk": "SDK 25", "app_version": "7.3.9", "device": "HUAWEIMYA-U29", "lang_pack": "pl", "proxy": [2, "111.222.333.444", 8888, true, "login", "password"], "last_check_time": 1640692963, "success_registred": true, "first_name": "Антон", "last_name": "Мазниченко", "twoFA": "False", "system_lang_pack": "en-AG", "ipv6": false, "sex": 1, "username": "president58", "avatar": "./avatars/4.jpeg"}