{"session_file": "+13438085438", "phone": "+13438085438", "register_time": 1637234825, "app_id": 13594, "app_hash": "1d14a0fbd63e1b7dfa547b4dab766603", "sdk": "SDK 23", "app_version": "7.2.4", "device": "LGELG-H440n", "lang_pack": "id", "proxy": [2, "111.222.333.444", 8888, true, "login", "password"], "last_check_time": 1640692964, "success_registred": true, "first_name": "Антон", "last_name": "Мазниченко", "twoFA": "False", "system_lang_pack": "en-AG", "ipv6": false, "sex": 1, "username": "pafford26", "avatar": "./avatars/medium.png"}