{"session_file": "+13438075973", "phone": "+13438075973", "register_time": 1637090095, "app_id": 38662, "app_hash": "34bca7ca1abba565a002aece3b6c0439", "sdk": "SDK 25", "app_version": "6.1.5", "device": "XiaomiRedmi Note 4X", "lang_pack": "ru", "proxy": [2, "111.222.333.444", 8888, true, "login", "password"], "last_check_time": 1640692964, "success_registred": true, "first_name": "Антон", "last_name": "Мазниченко", "twoFA": "False", "system_lang_pack": "en-AG", "ipv6": false, "sex": 1, "username": "goldhirsh27", "avatar": "./avatars/5.jpeg"}