{"session_file": "+13438075835", "phone": "+13438075835", "register_time": 1637166927, "app_id": 536164, "app_hash": "9aa8cf226facb8f0814003a83f9dee8e", "sdk": "SDK 25", "app_version": "8.3.6", "device": "asusASUS_Z012D", "lang_pack": "ko", "proxy": [2, "111.222.333.444", 8888, true, "login", "password"], "last_check_time": 1640692987, "success_registred": true, "first_name": "Антон", "last_name": "Мазниченко", "twoFA": "False", "system_lang_pack": "en-AG", "ipv6": false, "sex": 1, "username": "albers39", "avatar": "./avatars/9.jpeg"}