{"session_file": "+15796002250", "phone": "+15796002250", "register_time": 1637254602, "app_id": 243080, "app_hash": "e79630f811647cc07b45693a503a15c4", "sdk": "SDK 24", "app_version": "8.4.8", "device": "samsungSM-J120AZ", "lang_pack": "km", "proxy": [2, "111.222.333.444", 8888, true, "login", "password"], "last_check_time": 1640692946, "success_registred": true, "first_name": "Антон", "last_name": "Мазниченко", "twoFA": "False", "system_lang_pack": "en-AG", "ipv6": false, "sex": 1, "username": "triche7", "avatar": "./avatars/9.jpeg"}