{"session_file": "+15796002053", "phone": "+15796002053", "register_time": 1637054238, "app_id": 16282, "app_hash": "ebfaa22710b9372b4679b8e81d5bf264", "sdk": "SDK 25", "app_version": "5.1.1", "device": "MeizuM3E", "lang_pack": "th", "proxy": [2, "111.222.333.444", 8888, true, "login", "password"], "last_check_time": 1640692964, "success_registred": true, "first_name": "Антон", "last_name": "Мазниченко", "twoFA": "False", "system_lang_pack": "en-AG", "ipv6": false, "sex": 1, "username": "stout24", "avatar": "./avatars/9.jpeg"}