{"session_file": "+15796002051", "phone": "+15796002051", "register_time": 1637232134, "app_id": 371750, "app_hash": "28ad70b7cf6e051882d872c2d86d728c", "sdk": "SDK 25", "app_version": "8.3.8", "device": "alpsX23", "lang_pack": "cs", "proxy": [2, "111.222.333.444", 8888, true, "login", "password"], "last_check_time": 1640692985, "success_registred": true, "first_name": "Антон", "last_name": "Мазниченко", "twoFA": "False", "system_lang_pack": "en-AG", "ipv6": false, "sex": 1, "username": "kunz48", "avatar": "./avatars/2.jpeg"}